filename,title,description,dateCreated,language,rightsStatement,rightsHolder,accessRights,collection,series,accessionNumber,resourceType,collectionCallNumber,creator,subjectName,subjectTopic,subjectPlace, physicalFormat,publisher,publisherHomepage,relatedResource,masterFileName,theme,,,,,,,,,,,
ua_0041_gra_0001.tif,Summer 1982 season poster,"A Midsummer Night's Dream, King Lear (poster design 1 of 2)",1982,http://id.loc.gov/vocabulary/iso639-2/eng,"Copyright for this work resides with the Regents of the University of California. The digital copy of this work is intended to support research, teaching, and private study. The publication or use of any work protected by copyright beyond that allowed by fair use for research or educational purposes requires written permission from the copyright owner. UCSC Special Collections and Archives can grant permission to publish materials to which it holds the copyright. For permission to reproduce or publish the material, or to order in image, please visit guides.library.ucsc.edu/speccoll/reproduction-publication.",Regents of the University of California,Public,Shakespeare Santa Cruz records,Production files,ua_0041_gra_0001,http://purl.org/dc/dcmitype/Image,UA 41,Shakespeare Santa Cruz,http://id.loc.gov/authorities/names/n79059545; Shakespeare Santa Cruz,info:lc/authorities/subjects/sh85039336,http://www.geonames.org/5393052,http://vocab.getty.edu/aat/300027221,"University of California, Santa Cruz. McHenry Library, Special Collections. 1156 High Street. Santa Cruz, CA, 95064. (831) 459-2547. speccoll@library.ucsc.edu",guides.library.ucsc.edu/speccoll,http://www.oac.cdlib.org/findaid/ark:/13030/kt938nd6h4/,ua_0041_gra_0001.tif,Photography Collections,,,,,,,,,,,
ua_0041_gra_0002.tif,Summer 1982 season poster,"A Midsummer Night's Dream, King Lear (poster design 2 of 2)",1982,http://id.loc.gov/vocabulary/iso639-2/eng,"Copyright for this work resides with the Regents of the University of California. The digital copy of this work is intended to support research, teaching, and private study. The publication or use of any work protected by copyright beyond that allowed by fair use for research or educational purposes requires written permission from the copyright owner. UCSC Special Collections and Archives can grant permission to publish materials to which it holds the copyright. For permission to reproduce or publish the material, or to order in image, please visit guides.library.ucsc.edu/speccoll/reproduction-publication.",Regents of the University of California,Public,Shakespeare Santa Cruz records,Production files,ua_0041_gra_0002,http://purl.org/dc/dcmitype/Image,UA 41,Shakespeare Santa Cruz,http://id.loc.gov/authorities/names/n79059545; Shakespeare Santa Cruz,info:lc/authorities/subjects/sh85039336,http://www.geonames.org/5393052,http://vocab.getty.edu/aat/300027221,"University of California, Santa Cruz. McHenry Library, Special Collections. 1156 High Street. Santa Cruz, CA, 95064. (831) 459-2547. speccoll@library.ucsc.edu",guides.library.ucsc.edu/speccoll,http://www.oac.cdlib.org/findaid/ark:/13030/kt938nd6h4/,ua_0041_gra_0002.tif,Photography Collections,,,,,,,,,,,
ua_0041_gra_0003.tif,Summer 1983 season poster,"The Merry Wives of Windsor, Macbeth",1983,http://id.loc.gov/vocabulary/iso639-2/eng,"Copyright for this work resides with the Regents of the University of California. The digital copy of this work is intended to support research, teaching, and private study. The publication or use of any work protected by copyright beyond that allowed by fair use for research or educational purposes requires written permission from the copyright owner. UCSC Special Collections and Archives can grant permission to publish materials to which it holds the copyright. For permission to reproduce or publish the material, or to order in image, please visit guides.library.ucsc.edu/speccoll/reproduction-publication.",Regents of the University of California,Public,Shakespeare Santa Cruz records,Production files,ua_0041_gra_0003,http://purl.org/dc/dcmitype/Image,UA 41,Shakespeare Santa Cruz,http://id.loc.gov/authorities/names/n79059545; Shakespeare Santa Cruz,info:lc/authorities/subjects/sh85039336,http://www.geonames.org/5393052,http://vocab.getty.edu/aat/300027221,"University of California, Santa Cruz. McHenry Library, Special Collections. 1156 High Street. Santa Cruz, CA, 95064. (831) 459-2547. speccoll@library.ucsc.edu",guides.library.ucsc.edu/speccoll,http://www.oac.cdlib.org/findaid/ark:/13030/kt938nd6h4/,ua_0041_gra_0003.tif,Photography Collections,,,,,,,,,,,
ua_0041_gra_0004.tif,Summer 1984 season poster,"Henry IV Part One, The Tempest, Hal & Falstaff Scenes from Henry IV Part Two",1984,http://id.loc.gov/vocabulary/iso639-2/eng,"Copyright for this work resides with the Regents of the University of California. The digital copy of this work is intended to support research, teaching, and private study. The publication or use of any work protected by copyright beyond that allowed by fair use for research or educational purposes requires written permission from the copyright owner. UCSC Special Collections and Archives can grant permission to publish materials to which it holds the copyright. For permission to reproduce or publish the material, or to order in image, please visit guides.library.ucsc.edu/speccoll/reproduction-publication.",Regents of the University of California,Public,Shakespeare Santa Cruz records,Production files,ua_0041_gra_0004,http://purl.org/dc/dcmitype/Image,UA 41,Shakespeare Santa Cruz,http://id.loc.gov/authorities/names/n79059545; Shakespeare Santa Cruz,info:lc/authorities/subjects/sh85039336,http://www.geonames.org/5393052,http://vocab.getty.edu/aat/300027221,"University of California, Santa Cruz. McHenry Library, Special Collections. 1156 High Street. Santa Cruz, CA, 95064. (831) 459-2547. speccoll@library.ucsc.edu",guides.library.ucsc.edu/speccoll,http://www.oac.cdlib.org/findaid/ark:/13030/kt938nd6h4/,ua_0041_gra_0004.tif,Photography Collections,,,,,,,,,,,
ua_0041_gra_0005.tif,Summer 1985 season poster,"As You Like It, Hamlet, Rosencrantz and Gildenstern are Dead",1985,http://id.loc.gov/vocabulary/iso639-2/eng,"Copyright for this work resides with the Regents of the University of California. The digital copy of this work is intended to support research, teaching, and private study. The publication or use of any work protected by copyright beyond that allowed by fair use for research or educational purposes requires written permission from the copyright owner. UCSC Special Collections and Archives can grant permission to publish materials to which it holds the copyright. For permission to reproduce or publish the material, or to order in image, please visit guides.library.ucsc.edu/speccoll/reproduction-publication.",Regents of the University of California,Public,Shakespeare Santa Cruz records,Production files,ua_0041_gra_0005,http://purl.org/dc/dcmitype/Image,UA 41,Shakespeare Santa Cruz,http://id.loc.gov/authorities/names/n79059545; Shakespeare Santa Cruz,info:lc/authorities/subjects/sh85039336,http://www.geonames.org/5393052,http://vocab.getty.edu/aat/300027221,"University of California, Santa Cruz. McHenry Library, Special Collections. 1156 High Street. Santa Cruz, CA, 95064. (831) 459-2547. speccoll@library.ucsc.edu",guides.library.ucsc.edu/speccoll,http://www.oac.cdlib.org/findaid/ark:/13030/kt938nd6h4/,ua_0041_gra_0005.tif,Photography Collections,,,,,,,,,,,
ua_0041_gra_0006.tif,Summer 1986 season poster,"Twelfth Night, Richard II, A Life in the Theatre, Dickens on Stage",1986,http://id.loc.gov/vocabulary/iso639-2/eng,"Copyright for this work resides with the Regents of the University of California. The digital copy of this work is intended to support research, teaching, and private study. The publication or use of any work protected by copyright beyond that allowed by fair use for research or educational purposes requires written permission from the copyright owner. UCSC Special Collections and Archives can grant permission to publish materials to which it holds the copyright. For permission to reproduce or publish the material, or to order in image, please visit guides.library.ucsc.edu/speccoll/reproduction-publication.",Regents of the University of California,Public,Shakespeare Santa Cruz records,Production files,ua_0041_gra_0006,http://purl.org/dc/dcmitype/Image,UA 41,Shakespeare Santa Cruz,http://id.loc.gov/authorities/names/n79059545; Shakespeare Santa Cruz,info:lc/authorities/subjects/sh85039336,http://www.geonames.org/5393052,http://vocab.getty.edu/aat/300027221,"University of California, Santa Cruz. McHenry Library, Special Collections. 1156 High Street. Santa Cruz, CA, 95064. (831) 459-2547. speccoll@library.ucsc.edu",guides.library.ucsc.edu/speccoll,http://www.oac.cdlib.org/findaid/ark:/13030/kt938nd6h4/,ua_0041_gra_0006.tif,Photography Collections,,,,,,,,,,,
ua_0041_gra_0007.tif,Summer 1987 season poster,"Much Ado About Nothing, Henry V, Company",1987,http://id.loc.gov/vocabulary/iso639-2/eng,"Copyright for this work resides with the Regents of the University of California. The digital copy of this work is intended to support research, teaching, and private study. The publication or use of any work protected by copyright beyond that allowed by fair use for research or educational purposes requires written permission from the copyright owner. UCSC Special Collections and Archives can grant permission to publish materials to which it holds the copyright. For permission to reproduce or publish the material, or to order in image, please visit guides.library.ucsc.edu/speccoll/reproduction-publication.",Regents of the University of California,Public,Shakespeare Santa Cruz records,Production files,ua_0041_gra_0007,http://purl.org/dc/dcmitype/Image,UA 41,Shakespeare Santa Cruz,http://id.loc.gov/authorities/names/n79059545; Shakespeare Santa Cruz,info:lc/authorities/subjects/sh85039336,http://www.geonames.org/5393052,http://vocab.getty.edu/aat/300027221,"University of California, Santa Cruz. McHenry Library, Special Collections. 1156 High Street. Santa Cruz, CA, 95064. (831) 459-2547. speccoll@library.ucsc.edu",guides.library.ucsc.edu/speccoll,http://www.oac.cdlib.org/findaid/ark:/13030/kt938nd6h4/,ua_0041_gra_0007.tif,Photography Collections,,,,,,,,,,,
ua_0041_gra_0008.tif,Summer 1988 season poster,"Comedy of Errors, Julius Caesar, Antony and Cleopatra, Titus Andronicus (poster design 1 of 3)",1988,http://id.loc.gov/vocabulary/iso639-2/eng,"Copyright for this work resides with the Regents of the University of California. The digital copy of this work is intended to support research, teaching, and private study. The publication or use of any work protected by copyright beyond that allowed by fair use for research or educational purposes requires written permission from the copyright owner. UCSC Special Collections and Archives can grant permission to publish materials to which it holds the copyright. For permission to reproduce or publish the material, or to order in image, please visit guides.library.ucsc.edu/speccoll/reproduction-publication.",Regents of the University of California,Public,Shakespeare Santa Cruz records,Production files,ua_0041_gra_0008,http://purl.org/dc/dcmitype/Image,UA 41,Shakespeare Santa Cruz,http://id.loc.gov/authorities/names/n79059545; Shakespeare Santa Cruz,info:lc/authorities/subjects/sh85039336,http://www.geonames.org/5393052,http://vocab.getty.edu/aat/300027221,"University of California, Santa Cruz. McHenry Library, Special Collections. 1156 High Street. Santa Cruz, CA, 95064. (831) 459-2547. speccoll@library.ucsc.edu",guides.library.ucsc.edu/speccoll,http://www.oac.cdlib.org/findaid/ark:/13030/kt938nd6h4/,ua_0041_gra_0008.tif,Photography Collections,,,,,,,,,,,
ua_0041_gra_0009.tif,Summer 1988 season poster,"Comedy of Errors, Julius Caesar, Antony and Cleopatra, Titus Andronicus (poster design 2 of 3)",1988,http://id.loc.gov/vocabulary/iso639-2/eng,"Copyright for this work resides with the Regents of the University of California. The digital copy of this work is intended to support research, teaching, and private study. The publication or use of any work protected by copyright beyond that allowed by fair use for research or educational purposes requires written permission from the copyright owner. UCSC Special Collections and Archives can grant permission to publish materials to which it holds the copyright. For permission to reproduce or publish the material, or to order in image, please visit guides.library.ucsc.edu/speccoll/reproduction-publication.",Regents of the University of California,Public,Shakespeare Santa Cruz records,Production files,ua_0041_gra_0009,http://purl.org/dc/dcmitype/Image,UA 41,Shakespeare Santa Cruz,http://id.loc.gov/authorities/names/n79059545; Shakespeare Santa Cruz,info:lc/authorities/subjects/sh85039336,http://www.geonames.org/5393052,http://vocab.getty.edu/aat/300027221,"University of California, Santa Cruz. McHenry Library, Special Collections. 1156 High Street. Santa Cruz, CA, 95064. (831) 459-2547. speccoll@library.ucsc.edu",guides.library.ucsc.edu/speccoll,http://www.oac.cdlib.org/findaid/ark:/13030/kt938nd6h4/,ua_0041_gra_0009.tif,Photography Collections,,,,,,,,,,,
ua_0041_gra_0010.tif,Summer 1988 season poster,"Comedy of Errors, Julius Caesar, Antony and Cleopatra, Titus Andronicus (poster design 3 of 3)",1988,http://id.loc.gov/vocabulary/iso639-2/eng,"Copyright for this work resides with the Regents of the University of California. The digital copy of this work is intended to support research, teaching, and private study. The publication or use of any work protected by copyright beyond that allowed by fair use for research or educational purposes requires written permission from the copyright owner. UCSC Special Collections and Archives can grant permission to publish materials to which it holds the copyright. For permission to reproduce or publish the material, or to order in image, please visit guides.library.ucsc.edu/speccoll/reproduction-publication.",Regents of the University of California,Public,Shakespeare Santa Cruz records,Production files,ua_0041_gra_0010,http://purl.org/dc/dcmitype/Image,UA 41,Shakespeare Santa Cruz,http://id.loc.gov/authorities/names/n79059545; Shakespeare Santa Cruz,info:lc/authorities/subjects/sh85039336,http://www.geonames.org/5393052,http://vocab.getty.edu/aat/300027221,"University of California, Santa Cruz. McHenry Library, Special Collections. 1156 High Street. Santa Cruz, CA, 95064. (831) 459-2547. speccoll@library.ucsc.edu",guides.library.ucsc.edu/speccoll,http://www.oac.cdlib.org/findaid/ark:/13030/kt938nd6h4/,ua_0041_gra_0010.tif,Photography Collections,,,,,,,,,,,
ua_0041_gra_0011.tif,Summer 1989 season poster,"Love's Labour's Lost, Romeo and Juliet, Once in a Lifetime",1989,http://id.loc.gov/vocabulary/iso639-2/eng,"Copyright for this work resides with the Regents of the University of California. The digital copy of this work is intended to support research, teaching, and private study. The publication or use of any work protected by copyright beyond that allowed by fair use for research or educational purposes requires written permission from the copyright owner. UCSC Special Collections and Archives can grant permission to publish materials to which it holds the copyright. For permission to reproduce or publish the material, or to order in image, please visit guides.library.ucsc.edu/speccoll/reproduction-publication.",Regents of the University of California,Public,Shakespeare Santa Cruz records,Production files,ua_0041_gra_0011,http://purl.org/dc/dcmitype/Image,UA 41,Shakespeare Santa Cruz,http://id.loc.gov/authorities/names/n79059545; Shakespeare Santa Cruz,info:lc/authorities/subjects/sh85039336,http://www.geonames.org/5393052,http://vocab.getty.edu/aat/300027221,"University of California, Santa Cruz. McHenry Library, Special Collections. 1156 High Street. Santa Cruz, CA, 95064. (831) 459-2547. speccoll@library.ucsc.edu",guides.library.ucsc.edu/speccoll,http://www.oac.cdlib.org/findaid/ark:/13030/kt938nd6h4/,ua_0041_gra_0011.tif,Photography Collections,,,,,,,,,,,
ua_0041_gra_0012.tif,Summer 1990 season poster,"The Winter's Tale, Othello, Amadeus (poster design 1 of 2)",1990,http://id.loc.gov/vocabulary/iso639-2/eng,"Copyright for this work resides with the Regents of the University of California. The digital copy of this work is intended to support research, teaching, and private study. The publication or use of any work protected by copyright beyond that allowed by fair use for research or educational purposes requires written permission from the copyright owner. UCSC Special Collections and Archives can grant permission to publish materials to which it holds the copyright. For permission to reproduce or publish the material, or to order in image, please visit guides.library.ucsc.edu/speccoll/reproduction-publication.",Regents of the University of California,Public,Shakespeare Santa Cruz records,Production files,ua_0041_gra_0012,http://purl.org/dc/dcmitype/Image,UA 41,Shakespeare Santa Cruz,http://id.loc.gov/authorities/names/n79059545; Shakespeare Santa Cruz,info:lc/authorities/subjects/sh85039336,http://www.geonames.org/5393052,http://vocab.getty.edu/aat/300027221,"University of California, Santa Cruz. McHenry Library, Special Collections. 1156 High Street. Santa Cruz, CA, 95064. (831) 459-2547. speccoll@library.ucsc.edu",guides.library.ucsc.edu/speccoll,http://www.oac.cdlib.org/findaid/ark:/13030/kt938nd6h4/,ua_0041_gra_0012.tif,Photography Collections,,,,,,,,,,,
ua_0041_gra_0013.tif,Summer 1990 season poster,"The Winter's Tale, Othello, Amadeus (poster design 2 of 2)",1990,http://id.loc.gov/vocabulary/iso639-2/eng,"Copyright for this work resides with the Regents of the University of California. The digital copy of this work is intended to support research, teaching, and private study. The publication or use of any work protected by copyright beyond that allowed by fair use for research or educational purposes requires written permission from the copyright owner. UCSC Special Collections and Archives can grant permission to publish materials to which it holds the copyright. For permission to reproduce or publish the material, or to order in image, please visit guides.library.ucsc.edu/speccoll/reproduction-publication.",Regents of the University of California,Public,Shakespeare Santa Cruz records,Production files,ua_0041_gra_0013,http://purl.org/dc/dcmitype/Image,UA 41,Shakespeare Santa Cruz,http://id.loc.gov/authorities/names/n79059545; Shakespeare Santa Cruz,info:lc/authorities/subjects/sh85039336,http://www.geonames.org/5393052,http://vocab.getty.edu/aat/300027221,"University of California, Santa Cruz. McHenry Library, Special Collections. 1156 High Street. Santa Cruz, CA, 95064. (831) 459-2547. speccoll@library.ucsc.edu",guides.library.ucsc.edu/speccoll,http://www.oac.cdlib.org/findaid/ark:/13030/kt938nd6h4/,ua_0041_gra_0013.tif,Photography Collections,,,,,,,,,,,
ua_0041_gra_0014.tif,Summer 1991 season poster,"A Midsummer Night's Dream, Measure for Measure, Our Town, Waiting for Godot (10th anniversary season)",1991,http://id.loc.gov/vocabulary/iso639-2/eng,"Copyright for this work resides with the Regents of the University of California. The digital copy of this work is intended to support research, teaching, and private study. The publication or use of any work protected by copyright beyond that allowed by fair use for research or educational purposes requires written permission from the copyright owner. UCSC Special Collections and Archives can grant permission to publish materials to which it holds the copyright. For permission to reproduce or publish the material, or to order in image, please visit guides.library.ucsc.edu/speccoll/reproduction-publication.",Regents of the University of California,Public,Shakespeare Santa Cruz records,Production files,ua_0041_gra_0014,http://purl.org/dc/dcmitype/Image,UA 41,Shakespeare Santa Cruz,http://id.loc.gov/authorities/names/n79059545; Shakespeare Santa Cruz,info:lc/authorities/subjects/sh85039336,http://www.geonames.org/5393052,http://vocab.getty.edu/aat/300027221,"University of California, Santa Cruz. McHenry Library, Special Collections. 1156 High Street. Santa Cruz, CA, 95064. (831) 459-2547. speccoll@library.ucsc.edu",guides.library.ucsc.edu/speccoll,http://www.oac.cdlib.org/findaid/ark:/13030/kt938nd6h4/,ua_0041_gra_0014.tif,Photography Collections,,,,,,,,,,,
ua_0041_gra_0015.tif,Summer 1992 season poster,"The Taming of the Shrew, Macbeth, A Doll's House",1992,http://id.loc.gov/vocabulary/iso639-2/eng,"Copyright for this work resides with the Regents of the University of California. The digital copy of this work is intended to support research, teaching, and private study. The publication or use of any work protected by copyright beyond that allowed by fair use for research or educational purposes requires written permission from the copyright owner. UCSC Special Collections and Archives can grant permission to publish materials to which it holds the copyright. For permission to reproduce or publish the material, or to order in image, please visit guides.library.ucsc.edu/speccoll/reproduction-publication.",Regents of the University of California,Public,Shakespeare Santa Cruz records,Production files,ua_0041_gra_0015,http://purl.org/dc/dcmitype/Image,UA 41,Shakespeare Santa Cruz,http://id.loc.gov/authorities/names/n79059545; Shakespeare Santa Cruz,info:lc/authorities/subjects/sh85039336,http://www.geonames.org/5393052,http://vocab.getty.edu/aat/300027221,"University of California, Santa Cruz. McHenry Library, Special Collections. 1156 High Street. Santa Cruz, CA, 95064. (831) 459-2547. speccoll@library.ucsc.edu",guides.library.ucsc.edu/speccoll,http://www.oac.cdlib.org/findaid/ark:/13030/kt938nd6h4/,ua_0041_gra_0015.tif,Photography Collections,,,,,,,,,,,
ua_0041_gra_0016.tif,Summer 1993 season poster,"The Comedy of Errors, All's Well That Ends Well, Doctor Faustus, Damn Yankees",1993,http://id.loc.gov/vocabulary/iso639-2/eng,"Copyright for this work resides with the Regents of the University of California. The digital copy of this work is intended to support research, teaching, and private study. The publication or use of any work protected by copyright beyond that allowed by fair use for research or educational purposes requires written permission from the copyright owner. UCSC Special Collections and Archives can grant permission to publish materials to which it holds the copyright. For permission to reproduce or publish the material, or to order in image, please visit guides.library.ucsc.edu/speccoll/reproduction-publication.",Regents of the University of California,Public,Shakespeare Santa Cruz records,Production files,ua_0041_gra_0016,http://purl.org/dc/dcmitype/Image,UA 41,Shakespeare Santa Cruz,http://id.loc.gov/authorities/names/n79059545; Shakespeare Santa Cruz,info:lc/authorities/subjects/sh85039336,http://www.geonames.org/5393052,http://vocab.getty.edu/aat/300027221,"University of California, Santa Cruz. McHenry Library, Special Collections. 1156 High Street. Santa Cruz, CA, 95064. (831) 459-2547. speccoll@library.ucsc.edu",guides.library.ucsc.edu/speccoll,http://www.oac.cdlib.org/findaid/ark:/13030/kt938nd6h4/,ua_0041_gra_0016.tif,Photography Collections,,,,,,,,,,,
ua_0041_gra_0017.tif,Summer 1994 season poster,"The Merchant of Venice, The Merry Wives of Windsor, The Rape of Tamar",1994,http://id.loc.gov/vocabulary/iso639-2/eng,"Copyright for this work resides with the Regents of the University of California. The digital copy of this work is intended to support research, teaching, and private study. The publication or use of any work protected by copyright beyond that allowed by fair use for research or educational purposes requires written permission from the copyright owner. UCSC Special Collections and Archives can grant permission to publish materials to which it holds the copyright. For permission to reproduce or publish the material, or to order in image, please visit guides.library.ucsc.edu/speccoll/reproduction-publication.",Regents of the University of California,Public,Shakespeare Santa Cruz records,Production files,ua_0041_gra_0017,http://purl.org/dc/dcmitype/Image,UA 41,Shakespeare Santa Cruz,http://id.loc.gov/authorities/names/n79059545; Shakespeare Santa Cruz,info:lc/authorities/subjects/sh85039336,http://www.geonames.org/5393052,http://vocab.getty.edu/aat/300027221,"University of California, Santa Cruz. McHenry Library, Special Collections. 1156 High Street. Santa Cruz, CA, 95064. (831) 459-2547. speccoll@library.ucsc.edu",guides.library.ucsc.edu/speccoll,http://www.oac.cdlib.org/findaid/ark:/13030/kt938nd6h4/,ua_0041_gra_0017.tif,Photography Collections,,,,,,,,,,,
ua_0041_gra_0018.tif,Summer 1995 season poster,"The Tempest, King Lear, The Dresser",1995,http://id.loc.gov/vocabulary/iso639-2/eng,"Copyright for this work resides with the Regents of the University of California. The digital copy of this work is intended to support research, teaching, and private study. The publication or use of any work protected by copyright beyond that allowed by fair use for research or educational purposes requires written permission from the copyright owner. UCSC Special Collections and Archives can grant permission to publish materials to which it holds the copyright. For permission to reproduce or publish the material, or to order in image, please visit guides.library.ucsc.edu/speccoll/reproduction-publication.",Regents of the University of California,Public,Shakespeare Santa Cruz records,Production files,ua_0041_gra_0018,http://purl.org/dc/dcmitype/Image,UA 41,Shakespeare Santa Cruz,http://id.loc.gov/authorities/names/n79059545; Shakespeare Santa Cruz,info:lc/authorities/subjects/sh85039336,http://www.geonames.org/5393052,http://vocab.getty.edu/aat/300027221,"University of California, Santa Cruz. McHenry Library, Special Collections. 1156 High Street. Santa Cruz, CA, 95064. (831) 459-2547. speccoll@library.ucsc.edu",guides.library.ucsc.edu/speccoll,http://www.oac.cdlib.org/findaid/ark:/13030/kt938nd6h4/,ua_0041_gra_0018.tif,Photography Collections,,,,,,,,,,,
ua_0041_gra_0019.tif,Summer 1995 season poster,"The Tempest, King Lear, The Dresser (autographed copy)",1995,http://id.loc.gov/vocabulary/iso639-2/eng,"Copyright for this work resides with the Regents of the University of California. The digital copy of this work is intended to support research, teaching, and private study. The publication or use of any work protected by copyright beyond that allowed by fair use for research or educational purposes requires written permission from the copyright owner. UCSC Special Collections and Archives can grant permission to publish materials to which it holds the copyright. For permission to reproduce or publish the material, or to order in image, please visit guides.library.ucsc.edu/speccoll/reproduction-publication.",Regents of the University of California,Public,Shakespeare Santa Cruz records,Production files,ua_0041_gra_0019,http://purl.org/dc/dcmitype/Image,UA 41,Shakespeare Santa Cruz,http://id.loc.gov/authorities/names/n79059545; Shakespeare Santa Cruz,info:lc/authorities/subjects/sh85039336,http://www.geonames.org/5393052,http://vocab.getty.edu/aat/300027221,"University of California, Santa Cruz. McHenry Library, Special Collections. 1156 High Street. Santa Cruz, CA, 95064. (831) 459-2547. speccoll@library.ucsc.edu",guides.library.ucsc.edu/speccoll,http://www.oac.cdlib.org/findaid/ark:/13030/kt938nd6h4/,ua_0041_gra_0019.tif,Photography Collections,,,,,,,,,,,
ua_0041_gra_0020.tif,Summer 1996 season poster,"15th Anniversary Season: Twelfth Night, Pericles, Tartuffe (poster design 1 of 2)",1996,http://id.loc.gov/vocabulary/iso639-2/eng,"Copyright for this work resides with the Regents of the University of California. The digital copy of this work is intended to support research, teaching, and private study. The publication or use of any work protected by copyright beyond that allowed by fair use for research or educational purposes requires written permission from the copyright owner. UCSC Special Collections and Archives can grant permission to publish materials to which it holds the copyright. For permission to reproduce or publish the material, or to order in image, please visit guides.library.ucsc.edu/speccoll/reproduction-publication.",Regents of the University of California,Public,Shakespeare Santa Cruz records,Production files,ua_0041_gra_0020,http://purl.org/dc/dcmitype/Image,UA 41,Shakespeare Santa Cruz,http://id.loc.gov/authorities/names/n79059545; Shakespeare Santa Cruz,info:lc/authorities/subjects/sh85039336,http://www.geonames.org/5393052,http://vocab.getty.edu/aat/300027221,"University of California, Santa Cruz. McHenry Library, Special Collections. 1156 High Street. Santa Cruz, CA, 95064. (831) 459-2547. speccoll@library.ucsc.edu",guides.library.ucsc.edu/speccoll,http://www.oac.cdlib.org/findaid/ark:/13030/kt938nd6h4/,ua_0041_gra_0020.tif,Photography Collections,,,,,,,,,,,
ua_0041_gra_0021.tif,Summer 1996 season poster,"15th Anniversary Season: Twelfth Night, Pericles, Tartuffe (poster design 2 of 2)",1996,http://id.loc.gov/vocabulary/iso639-2/eng,"Copyright for this work resides with the Regents of the University of California. The digital copy of this work is intended to support research, teaching, and private study. The publication or use of any work protected by copyright beyond that allowed by fair use for research or educational purposes requires written permission from the copyright owner. UCSC Special Collections and Archives can grant permission to publish materials to which it holds the copyright. For permission to reproduce or publish the material, or to order in image, please visit guides.library.ucsc.edu/speccoll/reproduction-publication.",Regents of the University of California,Public,Shakespeare Santa Cruz records,Production files,ua_0041_gra_0021,http://purl.org/dc/dcmitype/Image,UA 41,Shakespeare Santa Cruz,http://id.loc.gov/authorities/names/n79059545; Shakespeare Santa Cruz,info:lc/authorities/subjects/sh85039336,http://www.geonames.org/5393052,http://vocab.getty.edu/aat/300027221,"University of California, Santa Cruz. McHenry Library, Special Collections. 1156 High Street. Santa Cruz, CA, 95064. (831) 459-2547. speccoll@library.ucsc.edu",guides.library.ucsc.edu/speccoll,http://www.oac.cdlib.org/findaid/ark:/13030/kt938nd6h4/,ua_0041_gra_0021.tif,Photography Collections,,,,,,,,,,,
ua_0041_gra_0022.tif,Summer 1997 season poster,"As You Like It, Richard III, The Forest",1997,http://id.loc.gov/vocabulary/iso639-2/eng,"Copyright for this work resides with the Regents of the University of California. The digital copy of this work is intended to support research, teaching, and private study. The publication or use of any work protected by copyright beyond that allowed by fair use for research or educational purposes requires written permission from the copyright owner. UCSC Special Collections and Archives can grant permission to publish materials to which it holds the copyright. For permission to reproduce or publish the material, or to order in image, please visit guides.library.ucsc.edu/speccoll/reproduction-publication.",Regents of the University of California,Public,Shakespeare Santa Cruz records,Production files,ua_0041_gra_0022,http://purl.org/dc/dcmitype/Image,UA 41,Shakespeare Santa Cruz,http://id.loc.gov/authorities/names/n79059545; Shakespeare Santa Cruz,info:lc/authorities/subjects/sh85039336,http://www.geonames.org/5393052,http://vocab.getty.edu/aat/300027221,"University of California, Santa Cruz. McHenry Library, Special Collections. 1156 High Street. Santa Cruz, CA, 95064. (831) 459-2547. speccoll@library.ucsc.edu",guides.library.ucsc.edu/speccoll,http://www.oac.cdlib.org/findaid/ark:/13030/kt938nd6h4/,ua_0041_gra_0022.tif,Photography Collections,,,,,,,,,,,
ua_0041_gra_0023.tif,Summer 1997 season poster,"As You Like It, Richard III, The Forest (autographed by Paul Whitworth)",1997,http://id.loc.gov/vocabulary/iso639-2/eng,"Copyright for this work resides with the Regents of the University of California. The digital copy of this work is intended to support research, teaching, and private study. The publication or use of any work protected by copyright beyond that allowed by fair use for research or educational purposes requires written permission from the copyright owner. UCSC Special Collections and Archives can grant permission to publish materials to which it holds the copyright. For permission to reproduce or publish the material, or to order in image, please visit guides.library.ucsc.edu/speccoll/reproduction-publication.",Regents of the University of California,Public,Shakespeare Santa Cruz records,Production files,ua_0041_gra_0023,http://purl.org/dc/dcmitype/Image,UA 41,Shakespeare Santa Cruz,http://id.loc.gov/authorities/names/n79059545; Shakespeare Santa Cruz,info:lc/authorities/subjects/sh85039336,http://www.geonames.org/5393052,http://vocab.getty.edu/aat/300027221,"University of California, Santa Cruz. McHenry Library, Special Collections. 1156 High Street. Santa Cruz, CA, 95064. (831) 459-2547. speccoll@library.ucsc.edu",guides.library.ucsc.edu/speccoll,http://www.oac.cdlib.org/findaid/ark:/13030/kt938nd6h4/,ua_0041_gra_0023.tif,Photography Collections,,,,,,,,,,,
ua_0041_gra_0024.tif,Summer 1998 season poster,"Much Ado About Nothing, Othello, The Marriage of Figaro",1998,http://id.loc.gov/vocabulary/iso639-2/eng,"Copyright for this work resides with the Regents of the University of California. The digital copy of this work is intended to support research, teaching, and private study. The publication or use of any work protected by copyright beyond that allowed by fair use for research or educational purposes requires written permission from the copyright owner. UCSC Special Collections and Archives can grant permission to publish materials to which it holds the copyright. For permission to reproduce or publish the material, or to order in image, please visit guides.library.ucsc.edu/speccoll/reproduction-publication.",Regents of the University of California,Public,Shakespeare Santa Cruz records,Production files,ua_0041_gra_0024,http://purl.org/dc/dcmitype/Image,UA 41,Shakespeare Santa Cruz,http://id.loc.gov/authorities/names/n79059545; Shakespeare Santa Cruz,info:lc/authorities/subjects/sh85039336,http://www.geonames.org/5393052,http://vocab.getty.edu/aat/300027221,"University of California, Santa Cruz. McHenry Library, Special Collections. 1156 High Street. Santa Cruz, CA, 95064. (831) 459-2547. speccoll@library.ucsc.edu",guides.library.ucsc.edu/speccoll,http://www.oac.cdlib.org/findaid/ark:/13030/kt938nd6h4/,ua_0041_gra_0024.tif,Photography Collections,,,,,,,,,,,
ua_0041_gra_0025.tif,Holiday 1998 poster,The Wind in the Willows,1998,http://id.loc.gov/vocabulary/iso639-2/eng,"Copyright for this work resides with the Regents of the University of California. The digital copy of this work is intended to support research, teaching, and private study. The publication or use of any work protected by copyright beyond that allowed by fair use for research or educational purposes requires written permission from the copyright owner. UCSC Special Collections and Archives can grant permission to publish materials to which it holds the copyright. For permission to reproduce or publish the material, or to order in image, please visit guides.library.ucsc.edu/speccoll/reproduction-publication.",Regents of the University of California,Public,Shakespeare Santa Cruz records,Production files,ua_0041_gra_0025,http://purl.org/dc/dcmitype/Image,UA 41,Shakespeare Santa Cruz,http://id.loc.gov/authorities/names/n79059545; Shakespeare Santa Cruz,info:lc/authorities/subjects/sh85039336,http://www.geonames.org/5393052,http://vocab.getty.edu/aat/300027221,"University of California, Santa Cruz. McHenry Library, Special Collections. 1156 High Street. Santa Cruz, CA, 95064. (831) 459-2547. speccoll@library.ucsc.edu",guides.library.ucsc.edu/speccoll,http://www.oac.cdlib.org/findaid/ark:/13030/kt938nd6h4/,ua_0041_gra_0025.tif,Photography Collections,,,,,,,,,,,
ua_0041_gra_0026.tif,Summer 1999 season poster,"Romeo and Juliet, The Two Gentlemen of Verona, Arms and the Man",1999,http://id.loc.gov/vocabulary/iso639-2/eng,"Copyright for this work resides with the Regents of the University of California. The digital copy of this work is intended to support research, teaching, and private study. The publication or use of any work protected by copyright beyond that allowed by fair use for research or educational purposes requires written permission from the copyright owner. UCSC Special Collections and Archives can grant permission to publish materials to which it holds the copyright. For permission to reproduce or publish the material, or to order in image, please visit guides.library.ucsc.edu/speccoll/reproduction-publication.",Regents of the University of California,Public,Shakespeare Santa Cruz records,Production files,ua_0041_gra_0026,http://purl.org/dc/dcmitype/Image,UA 41,Shakespeare Santa Cruz,http://id.loc.gov/authorities/names/n79059545; Shakespeare Santa Cruz,info:lc/authorities/subjects/sh85039336,http://www.geonames.org/5393052,http://vocab.getty.edu/aat/300027221,"University of California, Santa Cruz. McHenry Library, Special Collections. 1156 High Street. Santa Cruz, CA, 95064. (831) 459-2547. speccoll@library.ucsc.edu",guides.library.ucsc.edu/speccoll,http://www.oac.cdlib.org/findaid/ark:/13030/kt938nd6h4/,ua_0041_gra_0026.tif,Photography Collections,,,,,,,,,,,
ua_0041_gra_0027.tif,Holiday 1999 poster,Cinderella,1999,http://id.loc.gov/vocabulary/iso639-2/eng,"Copyright for this work resides with the Regents of the University of California. The digital copy of this work is intended to support research, teaching, and private study. The publication or use of any work protected by copyright beyond that allowed by fair use for research or educational purposes requires written permission from the copyright owner. UCSC Special Collections and Archives can grant permission to publish materials to which it holds the copyright. For permission to reproduce or publish the material, or to order in image, please visit guides.library.ucsc.edu/speccoll/reproduction-publication.",Regents of the University of California,Public,Shakespeare Santa Cruz records,Production files,ua_0041_gra_0027,http://purl.org/dc/dcmitype/Image,UA 41,Shakespeare Santa Cruz,http://id.loc.gov/authorities/names/n79059545; Shakespeare Santa Cruz,info:lc/authorities/subjects/sh85039336,http://www.geonames.org/5393052,http://vocab.getty.edu/aat/300027221,"University of California, Santa Cruz. McHenry Library, Special Collections. 1156 High Street. Santa Cruz, CA, 95064. (831) 459-2547. speccoll@library.ucsc.edu",guides.library.ucsc.edu/speccoll,http://www.oac.cdlib.org/findaid/ark:/13030/kt938nd6h4/,ua_0041_gra_0027.tif,Photography Collections,,,,,,,,,,,
ua_0041_gra_0028.tif,Summer 2000 season poster,"Love's Labour's Lost, Cymbeline, Kean",2000,http://id.loc.gov/vocabulary/iso639-2/eng,"Copyright for this work resides with the Regents of the University of California. The digital copy of this work is intended to support research, teaching, and private study. The publication or use of any work protected by copyright beyond that allowed by fair use for research or educational purposes requires written permission from the copyright owner. UCSC Special Collections and Archives can grant permission to publish materials to which it holds the copyright. For permission to reproduce or publish the material, or to order in image, please visit guides.library.ucsc.edu/speccoll/reproduction-publication.",Regents of the University of California,Public,Shakespeare Santa Cruz records,Production files,ua_0041_gra_0028,http://purl.org/dc/dcmitype/Image,UA 41,Shakespeare Santa Cruz,http://id.loc.gov/authorities/names/n79059545; Shakespeare Santa Cruz,info:lc/authorities/subjects/sh85039336,http://www.geonames.org/5393052,http://vocab.getty.edu/aat/300027221,"University of California, Santa Cruz. McHenry Library, Special Collections. 1156 High Street. Santa Cruz, CA, 95064. (831) 459-2547. speccoll@library.ucsc.edu",guides.library.ucsc.edu/speccoll,http://www.oac.cdlib.org/findaid/ark:/13030/kt938nd6h4/,ua_0041_gra_0028.tif,Photography Collections,,,,,,,,,,,
ua_0041_gra_0029.tif,Holiday 2000 poster,Cinderella,2000,http://id.loc.gov/vocabulary/iso639-2/eng,"Copyright for this work resides with the Regents of the University of California. The digital copy of this work is intended to support research, teaching, and private study. The publication or use of any work protected by copyright beyond that allowed by fair use for research or educational purposes requires written permission from the copyright owner. UCSC Special Collections and Archives can grant permission to publish materials to which it holds the copyright. For permission to reproduce or publish the material, or to order in image, please visit guides.library.ucsc.edu/speccoll/reproduction-publication.",Regents of the University of California,Public,Shakespeare Santa Cruz records,Production files,ua_0041_gra_0029,http://purl.org/dc/dcmitype/Image,UA 41,Shakespeare Santa Cruz,http://id.loc.gov/authorities/names/n79059545; Shakespeare Santa Cruz,info:lc/authorities/subjects/sh85039336,http://www.geonames.org/5393052,http://vocab.getty.edu/aat/300027221,"University of California, Santa Cruz. McHenry Library, Special Collections. 1156 High Street. Santa Cruz, CA, 95064. (831) 459-2547. speccoll@library.ucsc.edu",guides.library.ucsc.edu/speccoll,http://www.oac.cdlib.org/findaid/ark:/13030/kt938nd6h4/,ua_0041_gra_0029.tif,Photography Collections,,,,,,,,,,,
ua_0041_gra_0030.tif,Summer 2001 season poster,"A Midsummer Night's Dream, Macbeth, She Stoops to Conquer (20th anniversary season)",2001,http://id.loc.gov/vocabulary/iso639-2/eng,"Copyright for this work resides with the Regents of the University of California. The digital copy of this work is intended to support research, teaching, and private study. The publication or use of any work protected by copyright beyond that allowed by fair use for research or educational purposes requires written permission from the copyright owner. UCSC Special Collections and Archives can grant permission to publish materials to which it holds the copyright. For permission to reproduce or publish the material, or to order in image, please visit guides.library.ucsc.edu/speccoll/reproduction-publication.",Regents of the University of California,Public,Shakespeare Santa Cruz records,Production files,ua_0041_gra_0030,http://purl.org/dc/dcmitype/Image,UA 41,Shakespeare Santa Cruz,http://id.loc.gov/authorities/names/n79059545; Shakespeare Santa Cruz,info:lc/authorities/subjects/sh85039336,http://www.geonames.org/5393052,http://vocab.getty.edu/aat/300027221,"University of California, Santa Cruz. McHenry Library, Special Collections. 1156 High Street. Santa Cruz, CA, 95064. (831) 459-2547. speccoll@library.ucsc.edu",guides.library.ucsc.edu/speccoll,http://www.oac.cdlib.org/findaid/ark:/13030/kt938nd6h4/,ua_0041_gra_0030.tif,Photography Collections,,,,,,,,,,,
ua_0041_gra_0031.tif,Summer 2001 season poster,"A Midsummer Night's Dream, Macbeth, She Stoops to Conquer (20th anniversary season\; autographed copy)",2001,http://id.loc.gov/vocabulary/iso639-2/eng,"Copyright for this work resides with the Regents of the University of California. The digital copy of this work is intended to support research, teaching, and private study. The publication or use of any work protected by copyright beyond that allowed by fair use for research or educational purposes requires written permission from the copyright owner. UCSC Special Collections and Archives can grant permission to publish materials to which it holds the copyright. For permission to reproduce or publish the material, or to order in image, please visit guides.library.ucsc.edu/speccoll/reproduction-publication.",Regents of the University of California,Public,Shakespeare Santa Cruz records,Production files,ua_0041_gra_0031,http://purl.org/dc/dcmitype/Image,UA 41,Shakespeare Santa Cruz,http://id.loc.gov/authorities/names/n79059545; Shakespeare Santa Cruz,info:lc/authorities/subjects/sh85039336,http://www.geonames.org/5393052,http://vocab.getty.edu/aat/300027221,"University of California, Santa Cruz. McHenry Library, Special Collections. 1156 High Street. Santa Cruz, CA, 95064. (831) 459-2547. speccoll@library.ucsc.edu",guides.library.ucsc.edu/speccoll,http://www.oac.cdlib.org/findaid/ark:/13030/kt938nd6h4/,ua_0041_gra_0031.tif,Photography Collections,,,,,,,,,,,
ua_0041_gra_0032.tif,Holiday 2001 poster,Gretel and Hansel,2001,http://id.loc.gov/vocabulary/iso639-2/eng,"Copyright for this work resides with the Regents of the University of California. The digital copy of this work is intended to support research, teaching, and private study. The publication or use of any work protected by copyright beyond that allowed by fair use for research or educational purposes requires written permission from the copyright owner. UCSC Special Collections and Archives can grant permission to publish materials to which it holds the copyright. For permission to reproduce or publish the material, or to order in image, please visit guides.library.ucsc.edu/speccoll/reproduction-publication.",Regents of the University of California,Public,Shakespeare Santa Cruz records,Production files,ua_0041_gra_0032,http://purl.org/dc/dcmitype/Image,UA 41,Shakespeare Santa Cruz,http://id.loc.gov/authorities/names/n79059545; Shakespeare Santa Cruz,info:lc/authorities/subjects/sh85039336,http://www.geonames.org/5393052,http://vocab.getty.edu/aat/300027221,"University of California, Santa Cruz. McHenry Library, Special Collections. 1156 High Street. Santa Cruz, CA, 95064. (831) 459-2547. speccoll@library.ucsc.edu",guides.library.ucsc.edu/speccoll,http://www.oac.cdlib.org/findaid/ark:/13030/kt938nd6h4/,ua_0041_gra_0032.tif,Photography Collections,,,,,,,,,,,
ua_0041_gra_0033.tif,Holiday 2001 poster,Gretel and Hansel (autographed copy),2001,http://id.loc.gov/vocabulary/iso639-2/eng,"Copyright for this work resides with the Regents of the University of California. The digital copy of this work is intended to support research, teaching, and private study. The publication or use of any work protected by copyright beyond that allowed by fair use for research or educational purposes requires written permission from the copyright owner. UCSC Special Collections and Archives can grant permission to publish materials to which it holds the copyright. For permission to reproduce or publish the material, or to order in image, please visit guides.library.ucsc.edu/speccoll/reproduction-publication.",Regents of the University of California,Public,Shakespeare Santa Cruz records,Production files,ua_0041_gra_0033,http://purl.org/dc/dcmitype/Image,UA 41,Shakespeare Santa Cruz,http://id.loc.gov/authorities/names/n79059545; Shakespeare Santa Cruz,info:lc/authorities/subjects/sh85039336,http://www.geonames.org/5393052,http://vocab.getty.edu/aat/300027221,"University of California, Santa Cruz. McHenry Library, Special Collections. 1156 High Street. Santa Cruz, CA, 95064. (831) 459-2547. speccoll@library.ucsc.edu",guides.library.ucsc.edu/speccoll,http://www.oac.cdlib.org/findaid/ark:/13030/kt938nd6h4/,ua_0041_gra_0033.tif,Photography Collections,,,,,,,,,,,
ua_0041_gra_0034.tif,Summer 2002 season poster,"The Merry Wives of Windsor, Coriolanus, The Sea Gull",2002,http://id.loc.gov/vocabulary/iso639-2/eng,"Copyright for this work resides with the Regents of the University of California. The digital copy of this work is intended to support research, teaching, and private study. The publication or use of any work protected by copyright beyond that allowed by fair use for research or educational purposes requires written permission from the copyright owner. UCSC Special Collections and Archives can grant permission to publish materials to which it holds the copyright. For permission to reproduce or publish the material, or to order in image, please visit guides.library.ucsc.edu/speccoll/reproduction-publication.",Regents of the University of California,Public,Shakespeare Santa Cruz records,Production files,ua_0041_gra_0034,http://purl.org/dc/dcmitype/Image,UA 41,Shakespeare Santa Cruz,http://id.loc.gov/authorities/names/n79059545; Shakespeare Santa Cruz,info:lc/authorities/subjects/sh85039336,http://www.geonames.org/5393052,http://vocab.getty.edu/aat/300027221,"University of California, Santa Cruz. McHenry Library, Special Collections. 1156 High Street. Santa Cruz, CA, 95064. (831) 459-2547. speccoll@library.ucsc.edu",guides.library.ucsc.edu/speccoll,http://www.oac.cdlib.org/findaid/ark:/13030/kt938nd6h4/,ua_0041_gra_0034.tif,Photography Collections,,,,,,,,,,,
ua_0041_gra_0035.tif,Summer 2003 season poster,"The Comedy of Errors, Hamlet, Private Lives",2003,http://id.loc.gov/vocabulary/iso639-2/eng,"Copyright for this work resides with the Regents of the University of California. The digital copy of this work is intended to support research, teaching, and private study. The publication or use of any work protected by copyright beyond that allowed by fair use for research or educational purposes requires written permission from the copyright owner. UCSC Special Collections and Archives can grant permission to publish materials to which it holds the copyright. For permission to reproduce or publish the material, or to order in image, please visit guides.library.ucsc.edu/speccoll/reproduction-publication.",Regents of the University of California,Public,Shakespeare Santa Cruz records,Production files,ua_0041_gra_0035,http://purl.org/dc/dcmitype/Image,UA 41,Shakespeare Santa Cruz,http://id.loc.gov/authorities/names/n79059545; Shakespeare Santa Cruz,info:lc/authorities/subjects/sh85039336,http://www.geonames.org/5393052,http://vocab.getty.edu/aat/300027221,"University of California, Santa Cruz. McHenry Library, Special Collections. 1156 High Street. Santa Cruz, CA, 95064. (831) 459-2547. speccoll@library.ucsc.edu",guides.library.ucsc.edu/speccoll,http://www.oac.cdlib.org/findaid/ark:/13030/kt938nd6h4/,ua_0041_gra_0035.tif,Photography Collections,,,,,,,,,,,
ua_0041_gra_0036.tif,Holiday 2003 poster,The Emperor's New Clothes,2003,http://id.loc.gov/vocabulary/iso639-2/eng,"Copyright for this work resides with the Regents of the University of California. The digital copy of this work is intended to support research, teaching, and private study. The publication or use of any work protected by copyright beyond that allowed by fair use for research or educational purposes requires written permission from the copyright owner. UCSC Special Collections and Archives can grant permission to publish materials to which it holds the copyright. For permission to reproduce or publish the material, or to order in image, please visit guides.library.ucsc.edu/speccoll/reproduction-publication.",Regents of the University of California,Public,Shakespeare Santa Cruz records,Production files,ua_0041_gra_0036,http://purl.org/dc/dcmitype/Image,UA 41,Shakespeare Santa Cruz,http://id.loc.gov/authorities/names/n79059545; Shakespeare Santa Cruz,info:lc/authorities/subjects/sh85039336,http://www.geonames.org/5393052,http://vocab.getty.edu/aat/300027221,"University of California, Santa Cruz. McHenry Library, Special Collections. 1156 High Street. Santa Cruz, CA, 95064. (831) 459-2547. speccoll@library.ucsc.edu",guides.library.ucsc.edu/speccoll,http://www.oac.cdlib.org/findaid/ark:/13030/kt938nd6h4/,ua_0041_gra_0036.tif,Photography Collections,,,,,,,,,,,
ua_0041_gra_0037.tif,Summer 2004 season poster,"The Taming of the Shrew, Who's Afraid of Virginia Woolf?, The Tamer Tamed",2004,http://id.loc.gov/vocabulary/iso639-2/eng,"Copyright for this work resides with the Regents of the University of California. The digital copy of this work is intended to support research, teaching, and private study. The publication or use of any work protected by copyright beyond that allowed by fair use for research or educational purposes requires written permission from the copyright owner. UCSC Special Collections and Archives can grant permission to publish materials to which it holds the copyright. For permission to reproduce or publish the material, or to order in image, please visit guides.library.ucsc.edu/speccoll/reproduction-publication.",Regents of the University of California,Public,Shakespeare Santa Cruz records,Production files,ua_0041_gra_0037,http://purl.org/dc/dcmitype/Image,UA 41,Shakespeare Santa Cruz,http://id.loc.gov/authorities/names/n79059545; Shakespeare Santa Cruz,info:lc/authorities/subjects/sh85039336,http://www.geonames.org/5393052,http://vocab.getty.edu/aat/300027221,"University of California, Santa Cruz. McHenry Library, Special Collections. 1156 High Street. Santa Cruz, CA, 95064. (831) 459-2547. speccoll@library.ucsc.edu",guides.library.ucsc.edu/speccoll,http://www.oac.cdlib.org/findaid/ark:/13030/kt938nd6h4/,ua_0041_gra_0037.tif,Photography Collections,,,,,,,,,,,
ua_0041_gra_0038.tif,Holiday 2004 poster,The Princess and the Pea,2004,http://id.loc.gov/vocabulary/iso639-2/eng,"Copyright for this work resides with the Regents of the University of California. The digital copy of this work is intended to support research, teaching, and private study. The publication or use of any work protected by copyright beyond that allowed by fair use for research or educational purposes requires written permission from the copyright owner. UCSC Special Collections and Archives can grant permission to publish materials to which it holds the copyright. For permission to reproduce or publish the material, or to order in image, please visit guides.library.ucsc.edu/speccoll/reproduction-publication.",Regents of the University of California,Public,Shakespeare Santa Cruz records,Production files,ua_0041_gra_0038,http://purl.org/dc/dcmitype/Image,UA 41,Shakespeare Santa Cruz,http://id.loc.gov/authorities/names/n79059545; Shakespeare Santa Cruz,info:lc/authorities/subjects/sh85039336,http://www.geonames.org/5393052,http://vocab.getty.edu/aat/300027221,"University of California, Santa Cruz. McHenry Library, Special Collections. 1156 High Street. Santa Cruz, CA, 95064. (831) 459-2547. speccoll@library.ucsc.edu",guides.library.ucsc.edu/speccoll,http://www.oac.cdlib.org/findaid/ark:/13030/kt938nd6h4/,ua_0041_gra_0038.tif,Photography Collections,,,,,,,,,,,
ua_0041_gra_0039.tif,Summer 2005 season poster,"Twelfth Night, The Winter's Tale, Engaged",2005,http://id.loc.gov/vocabulary/iso639-2/eng,"Copyright for this work resides with the Regents of the University of California. The digital copy of this work is intended to support research, teaching, and private study. The publication or use of any work protected by copyright beyond that allowed by fair use for research or educational purposes requires written permission from the copyright owner. UCSC Special Collections and Archives can grant permission to publish materials to which it holds the copyright. For permission to reproduce or publish the material, or to order in image, please visit guides.library.ucsc.edu/speccoll/reproduction-publication.",Regents of the University of California,Public,Shakespeare Santa Cruz records,Production files,ua_0041_gra_0039,http://purl.org/dc/dcmitype/Image,UA 41,Shakespeare Santa Cruz,http://id.loc.gov/authorities/names/n79059545; Shakespeare Santa Cruz,info:lc/authorities/subjects/sh85039336,http://www.geonames.org/5393052,http://vocab.getty.edu/aat/300027221,"University of California, Santa Cruz. McHenry Library, Special Collections. 1156 High Street. Santa Cruz, CA, 95064. (831) 459-2547. speccoll@library.ucsc.edu",guides.library.ucsc.edu/speccoll,http://www.oac.cdlib.org/findaid/ark:/13030/kt938nd6h4/,ua_0041_gra_0039.tif,Photography Collections,,,,,,,,,,,
ua_0041_gra_0040.tif,Holiday 2005 poster,Cinderella,2005,http://id.loc.gov/vocabulary/iso639-2/eng,"Copyright for this work resides with the Regents of the University of California. The digital copy of this work is intended to support research, teaching, and private study. The publication or use of any work protected by copyright beyond that allowed by fair use for research or educational purposes requires written permission from the copyright owner. UCSC Special Collections and Archives can grant permission to publish materials to which it holds the copyright. For permission to reproduce or publish the material, or to order in image, please visit guides.library.ucsc.edu/speccoll/reproduction-publication.",Regents of the University of California,Public,Shakespeare Santa Cruz records,Production files,ua_0041_gra_0040,http://purl.org/dc/dcmitype/Image,UA 41,Shakespeare Santa Cruz,http://id.loc.gov/authorities/names/n79059545; Shakespeare Santa Cruz,info:lc/authorities/subjects/sh85039336,http://www.geonames.org/5393052,http://vocab.getty.edu/aat/300027221,"University of California, Santa Cruz. McHenry Library, Special Collections. 1156 High Street. Santa Cruz, CA, 95064. (831) 459-2547. speccoll@library.ucsc.edu",guides.library.ucsc.edu/speccoll,http://www.oac.cdlib.org/findaid/ark:/13030/kt938nd6h4/,ua_0041_gra_0040.tif,Photography Collections,,,,,,,,,,,
ua_0041_gra_0041.tif,Summer 2006 season poster,"As You Like It, King Lear, Pygmalion (25th anniversary season)",2006,http://id.loc.gov/vocabulary/iso639-2/eng,"Copyright for this work resides with the Regents of the University of California. The digital copy of this work is intended to support research, teaching, and private study. The publication or use of any work protected by copyright beyond that allowed by fair use for research or educational purposes requires written permission from the copyright owner. UCSC Special Collections and Archives can grant permission to publish materials to which it holds the copyright. For permission to reproduce or publish the material, or to order in image, please visit guides.library.ucsc.edu/speccoll/reproduction-publication.",Regents of the University of California,Public,Shakespeare Santa Cruz records,Production files,ua_0041_gra_0041,http://purl.org/dc/dcmitype/Image,UA 41,Shakespeare Santa Cruz,http://id.loc.gov/authorities/names/n79059545; Shakespeare Santa Cruz,info:lc/authorities/subjects/sh85039336,http://www.geonames.org/5393052,http://vocab.getty.edu/aat/300027221,"University of California, Santa Cruz. McHenry Library, Special Collections. 1156 High Street. Santa Cruz, CA, 95064. (831) 459-2547. speccoll@library.ucsc.edu",guides.library.ucsc.edu/speccoll,http://www.oac.cdlib.org/findaid/ark:/13030/kt938nd6h4/,ua_0041_gra_0041.tif,Photography Collections,,,,,,,,,,,
ua_0041_gra_0042.tif,Holiday 2006 poster,Sleeping Beauty,2006,http://id.loc.gov/vocabulary/iso639-2/eng,"Copyright for this work resides with the Regents of the University of California. The digital copy of this work is intended to support research, teaching, and private study. The publication or use of any work protected by copyright beyond that allowed by fair use for research or educational purposes requires written permission from the copyright owner. UCSC Special Collections and Archives can grant permission to publish materials to which it holds the copyright. For permission to reproduce or publish the material, or to order in image, please visit guides.library.ucsc.edu/speccoll/reproduction-publication.",Regents of the University of California,Public,Shakespeare Santa Cruz records,Production files,ua_0041_gra_0042,http://purl.org/dc/dcmitype/Image,UA 41,Shakespeare Santa Cruz,http://id.loc.gov/authorities/names/n79059545; Shakespeare Santa Cruz,info:lc/authorities/subjects/sh85039336,http://www.geonames.org/5393052,http://vocab.getty.edu/aat/300027221,"University of California, Santa Cruz. McHenry Library, Special Collections. 1156 High Street. Santa Cruz, CA, 95064. (831) 459-2547. speccoll@library.ucsc.edu",guides.library.ucsc.edu/speccoll,http://www.oac.cdlib.org/findaid/ark:/13030/kt938nd6h4/,ua_0041_gra_0042.tif,Photography Collections,,,,,,,,,,,
ua_0041_gra_0043.tif,Summer 2007 season poster,"Much Ado About Nothing, The Tempest, Play of the Western World, Endgame",2007,http://id.loc.gov/vocabulary/iso639-2/eng,"Copyright for this work resides with the Regents of the University of California. The digital copy of this work is intended to support research, teaching, and private study. The publication or use of any work protected by copyright beyond that allowed by fair use for research or educational purposes requires written permission from the copyright owner. UCSC Special Collections and Archives can grant permission to publish materials to which it holds the copyright. For permission to reproduce or publish the material, or to order in image, please visit guides.library.ucsc.edu/speccoll/reproduction-publication.",Regents of the University of California,Public,Shakespeare Santa Cruz records,Production files,ua_0041_gra_0043,http://purl.org/dc/dcmitype/Image,UA 41,Shakespeare Santa Cruz,http://id.loc.gov/authorities/names/n79059545; Shakespeare Santa Cruz,info:lc/authorities/subjects/sh85039336,http://www.geonames.org/5393052,http://vocab.getty.edu/aat/300027221,"University of California, Santa Cruz. McHenry Library, Special Collections. 1156 High Street. Santa Cruz, CA, 95064. (831) 459-2547. speccoll@library.ucsc.edu",guides.library.ucsc.edu/speccoll,http://www.oac.cdlib.org/findaid/ark:/13030/kt938nd6h4/,ua_0041_gra_0043.tif,Photography Collections,,,,,,,,,,,
ua_0041_gra_0044.tif,Holiday 2007 poster,The Princess and the Pea,2007,http://id.loc.gov/vocabulary/iso639-2/eng,"Copyright for this work resides with the Regents of the University of California. The digital copy of this work is intended to support research, teaching, and private study. The publication or use of any work protected by copyright beyond that allowed by fair use for research or educational purposes requires written permission from the copyright owner. UCSC Special Collections and Archives can grant permission to publish materials to which it holds the copyright. For permission to reproduce or publish the material, or to order in image, please visit guides.library.ucsc.edu/speccoll/reproduction-publication.",Regents of the University of California,Public,Shakespeare Santa Cruz records,Production files,ua_0041_gra_0044,http://purl.org/dc/dcmitype/Image,UA 41,Shakespeare Santa Cruz,http://id.loc.gov/authorities/names/n79059545; Shakespeare Santa Cruz,info:lc/authorities/subjects/sh85039336,http://www.geonames.org/5393052,http://vocab.getty.edu/aat/300027221,"University of California, Santa Cruz. McHenry Library, Special Collections. 1156 High Street. Santa Cruz, CA, 95064. (831) 459-2547. speccoll@library.ucsc.edu",guides.library.ucsc.edu/speccoll,http://www.oac.cdlib.org/findaid/ark:/13030/kt938nd6h4/,ua_0041_gra_0044.tif,Photography Collections,,,,,,,,,,,
ua_0041_gra_0045.tif,Summer 2008 season poster,"Romeo and Juliet, All's Well that Ends Well, Bach at Leipzig",2008,http://id.loc.gov/vocabulary/iso639-2/eng,"Copyright for this work resides with the Regents of the University of California. The digital copy of this work is intended to support research, teaching, and private study. The publication or use of any work protected by copyright beyond that allowed by fair use for research or educational purposes requires written permission from the copyright owner. UCSC Special Collections and Archives can grant permission to publish materials to which it holds the copyright. For permission to reproduce or publish the material, or to order in image, please visit guides.library.ucsc.edu/speccoll/reproduction-publication.",Regents of the University of California,Public,Shakespeare Santa Cruz records,Production files,ua_0041_gra_0045,http://purl.org/dc/dcmitype/Image,UA 41,Shakespeare Santa Cruz,http://id.loc.gov/authorities/names/n79059545; Shakespeare Santa Cruz,info:lc/authorities/subjects/sh85039336,http://www.geonames.org/5393052,http://vocab.getty.edu/aat/300027221,"University of California, Santa Cruz. McHenry Library, Special Collections. 1156 High Street. Santa Cruz, CA, 95064. (831) 459-2547. speccoll@library.ucsc.edu",guides.library.ucsc.edu/speccoll,http://www.oac.cdlib.org/findaid/ark:/13030/kt938nd6h4/,ua_0041_gra_0045.tif,Photography Collections,,,,,,,,,,,
ua_0041_gra_0046.tif,Holiday 2008 poster,The Wind in the Willows (poster design 1 of 2),2008,http://id.loc.gov/vocabulary/iso639-2/eng,"Copyright for this work resides with the Regents of the University of California. The digital copy of this work is intended to support research, teaching, and private study. The publication or use of any work protected by copyright beyond that allowed by fair use for research or educational purposes requires written permission from the copyright owner. UCSC Special Collections and Archives can grant permission to publish materials to which it holds the copyright. For permission to reproduce or publish the material, or to order in image, please visit guides.library.ucsc.edu/speccoll/reproduction-publication.",Regents of the University of California,Public,Shakespeare Santa Cruz records,Production files,ua_0041_gra_0046,http://purl.org/dc/dcmitype/Image,UA 41,Shakespeare Santa Cruz,http://id.loc.gov/authorities/names/n79059545; Shakespeare Santa Cruz,info:lc/authorities/subjects/sh85039336,http://www.geonames.org/5393052,http://vocab.getty.edu/aat/300027221,"University of California, Santa Cruz. McHenry Library, Special Collections. 1156 High Street. Santa Cruz, CA, 95064. (831) 459-2547. speccoll@library.ucsc.edu",guides.library.ucsc.edu/speccoll,http://www.oac.cdlib.org/findaid/ark:/13030/kt938nd6h4/,ua_0041_gra_0046.tif,Photography Collections,,,,,,,,,,,
ua_0041_gra_0047.tif,Holiday 2008 poster,The Wind in the Willows (poster design 2 of 2),2008,http://id.loc.gov/vocabulary/iso639-2/eng,"Copyright for this work resides with the Regents of the University of California. The digital copy of this work is intended to support research, teaching, and private study. The publication or use of any work protected by copyright beyond that allowed by fair use for research or educational purposes requires written permission from the copyright owner. UCSC Special Collections and Archives can grant permission to publish materials to which it holds the copyright. For permission to reproduce or publish the material, or to order in image, please visit guides.library.ucsc.edu/speccoll/reproduction-publication.",Regents of the University of California,Public,Shakespeare Santa Cruz records,Production files,ua_0041_gra_0047,http://purl.org/dc/dcmitype/Image,UA 41,Shakespeare Santa Cruz,http://id.loc.gov/authorities/names/n79059545; Shakespeare Santa Cruz,info:lc/authorities/subjects/sh85039336,http://www.geonames.org/5393052,http://vocab.getty.edu/aat/300027221,"University of California, Santa Cruz. McHenry Library, Special Collections. 1156 High Street. Santa Cruz, CA, 95064. (831) 459-2547. speccoll@library.ucsc.edu",guides.library.ucsc.edu/speccoll,http://www.oac.cdlib.org/findaid/ark:/13030/kt938nd6h4/,ua_0041_gra_0047.tif,Photography Collections,,,,,,,,,,,
ua_0041_gra_0048.tif,Summer 2009 season poster,"A Midsummer Night's Dream, Julius Caesar, Shipwrecked! (poster design 1 of 2)",2009,http://id.loc.gov/vocabulary/iso639-2/eng,"Copyright for this work resides with the Regents of the University of California. The digital copy of this work is intended to support research, teaching, and private study. The publication or use of any work protected by copyright beyond that allowed by fair use for research or educational purposes requires written permission from the copyright owner. UCSC Special Collections and Archives can grant permission to publish materials to which it holds the copyright. For permission to reproduce or publish the material, or to order in image, please visit guides.library.ucsc.edu/speccoll/reproduction-publication.",Regents of the University of California,Public,Shakespeare Santa Cruz records,Production files,ua_0041_gra_0048,http://purl.org/dc/dcmitype/Image,UA 41,Shakespeare Santa Cruz,http://id.loc.gov/authorities/names/n79059545; Shakespeare Santa Cruz,info:lc/authorities/subjects/sh85039336,http://www.geonames.org/5393052,http://vocab.getty.edu/aat/300027221,"University of California, Santa Cruz. McHenry Library, Special Collections. 1156 High Street. Santa Cruz, CA, 95064. (831) 459-2547. speccoll@library.ucsc.edu",guides.library.ucsc.edu/speccoll,http://www.oac.cdlib.org/findaid/ark:/13030/kt938nd6h4/,ua_0041_gra_0048.tif,Photography Collections,,,,,,,,,,,
ua_0041_gra_0049.tif,Summer 2009 season poster,"A Midsummer Night's Dream, Julius Caesar, Shipwrecked! (poster design 2 of 2)",2009,http://id.loc.gov/vocabulary/iso639-2/eng,"Copyright for this work resides with the Regents of the University of California. The digital copy of this work is intended to support research, teaching, and private study. The publication or use of any work protected by copyright beyond that allowed by fair use for research or educational purposes requires written permission from the copyright owner. UCSC Special Collections and Archives can grant permission to publish materials to which it holds the copyright. For permission to reproduce or publish the material, or to order in image, please visit guides.library.ucsc.edu/speccoll/reproduction-publication.",Regents of the University of California,Public,Shakespeare Santa Cruz records,Production files,ua_0041_gra_0049,http://purl.org/dc/dcmitype/Image,UA 41,Shakespeare Santa Cruz,http://id.loc.gov/authorities/names/n79059545; Shakespeare Santa Cruz,info:lc/authorities/subjects/sh85039336,http://www.geonames.org/5393052,http://vocab.getty.edu/aat/300027221,"University of California, Santa Cruz. McHenry Library, Special Collections. 1156 High Street. Santa Cruz, CA, 95064. (831) 459-2547. speccoll@library.ucsc.edu",guides.library.ucsc.edu/speccoll,http://www.oac.cdlib.org/findaid/ark:/13030/kt938nd6h4/,ua_0041_gra_0049.tif,Photography Collections,,,,,,,,,,,
ua_0041_gra_0050.tif,Summer 2010 season poster,"The Lion in Winter, Love's Labour's Lost, Othello (poster design 1 of 2)",2010,http://id.loc.gov/vocabulary/iso639-2/eng,"Copyright for this work resides with the Regents of the University of California. The digital copy of this work is intended to support research, teaching, and private study. The publication or use of any work protected by copyright beyond that allowed by fair use for research or educational purposes requires written permission from the copyright owner. UCSC Special Collections and Archives can grant permission to publish materials to which it holds the copyright. For permission to reproduce or publish the material, or to order in image, please visit guides.library.ucsc.edu/speccoll/reproduction-publication.",Regents of the University of California,Public,Shakespeare Santa Cruz records,Production files,ua_0041_gra_0050,http://purl.org/dc/dcmitype/Image,UA 41,Shakespeare Santa Cruz,http://id.loc.gov/authorities/names/n79059545; Shakespeare Santa Cruz,info:lc/authorities/subjects/sh85039336,http://www.geonames.org/5393052,http://vocab.getty.edu/aat/300027221,"University of California, Santa Cruz. McHenry Library, Special Collections. 1156 High Street. Santa Cruz, CA, 95064. (831) 459-2547. speccoll@library.ucsc.edu",guides.library.ucsc.edu/speccoll,http://www.oac.cdlib.org/findaid/ark:/13030/kt938nd6h4/,ua_0041_gra_0050.tif,Photography Collections,,,,,,,,,,,
ua_0041_gra_0051.tif,Summer 2010 season poster,"The Lion in Winter, Love's Labour's Lost, Othello (poster design 2 of 2)",2010,http://id.loc.gov/vocabulary/iso639-2/eng,"Copyright for this work resides with the Regents of the University of California. The digital copy of this work is intended to support research, teaching, and private study. The publication or use of any work protected by copyright beyond that allowed by fair use for research or educational purposes requires written permission from the copyright owner. UCSC Special Collections and Archives can grant permission to publish materials to which it holds the copyright. For permission to reproduce or publish the material, or to order in image, please visit guides.library.ucsc.edu/speccoll/reproduction-publication.",Regents of the University of California,Public,Shakespeare Santa Cruz records,Production files,ua_0041_gra_0051,http://purl.org/dc/dcmitype/Image,UA 41,Shakespeare Santa Cruz,http://id.loc.gov/authorities/names/n79059545; Shakespeare Santa Cruz,info:lc/authorities/subjects/sh85039336,http://www.geonames.org/5393052,http://vocab.getty.edu/aat/300027221,"University of California, Santa Cruz. McHenry Library, Special Collections. 1156 High Street. Santa Cruz, CA, 95064. (831) 459-2547. speccoll@library.ucsc.edu",guides.library.ucsc.edu/speccoll,http://www.oac.cdlib.org/findaid/ark:/13030/kt938nd6h4/,ua_0041_gra_0051.tif,Photography Collections,,,,,,,,,,,
ua_0041_gra_0052.tif,Summer 2011 season poster,"The Comedy of Errors, The Three Musketeers, Henry IV Part One (poster design 1 of 2)",2011,http://id.loc.gov/vocabulary/iso639-2/eng,"Copyright for this work resides with the Regents of the University of California. The digital copy of this work is intended to support research, teaching, and private study. The publication or use of any work protected by copyright beyond that allowed by fair use for research or educational purposes requires written permission from the copyright owner. UCSC Special Collections and Archives can grant permission to publish materials to which it holds the copyright. For permission to reproduce or publish the material, or to order in image, please visit guides.library.ucsc.edu/speccoll/reproduction-publication.",Regents of the University of California,Public,Shakespeare Santa Cruz records,Production files,ua_0041_gra_0052,http://purl.org/dc/dcmitype/Image,UA 41,Shakespeare Santa Cruz,http://id.loc.gov/authorities/names/n79059545; Shakespeare Santa Cruz,info:lc/authorities/subjects/sh85039336,http://www.geonames.org/5393052,http://vocab.getty.edu/aat/300027221,"University of California, Santa Cruz. McHenry Library, Special Collections. 1156 High Street. Santa Cruz, CA, 95064. (831) 459-2547. speccoll@library.ucsc.edu",guides.library.ucsc.edu/speccoll,http://www.oac.cdlib.org/findaid/ark:/13030/kt938nd6h4/,ua_0041_gra_0052.tif,Photography Collections,,,,,,,,,,,
ua_0041_gra_0053.tif,Summer 2011 season poster,"The Comedy of Errors, The Three Musketeers, Henry IV Part One (poster design 2 of 2)",2011,http://id.loc.gov/vocabulary/iso639-2/eng,"Copyright for this work resides with the Regents of the University of California. The digital copy of this work is intended to support research, teaching, and private study. The publication or use of any work protected by copyright beyond that allowed by fair use for research or educational purposes requires written permission from the copyright owner. UCSC Special Collections and Archives can grant permission to publish materials to which it holds the copyright. For permission to reproduce or publish the material, or to order in image, please visit guides.library.ucsc.edu/speccoll/reproduction-publication.",Regents of the University of California,Public,Shakespeare Santa Cruz records,Production files,ua_0041_gra_0053,http://purl.org/dc/dcmitype/Image,UA 41,Shakespeare Santa Cruz,http://id.loc.gov/authorities/names/n79059545; Shakespeare Santa Cruz,info:lc/authorities/subjects/sh85039336,http://www.geonames.org/5393052,http://vocab.getty.edu/aat/300027221,"University of California, Santa Cruz. McHenry Library, Special Collections. 1156 High Street. Santa Cruz, CA, 95064. (831) 459-2547. speccoll@library.ucsc.edu",guides.library.ucsc.edu/speccoll,http://www.oac.cdlib.org/findaid/ark:/13030/kt938nd6h4/,ua_0041_gra_0053.tif,Photography Collections,,,,,,,,,,,
ua_0041_gra_0054.tif,The Comedy of Errors at Montalvo Arts Center poster,The Comedy of Errors presented by Shakespeare Santa Cruz and Montalvo Arts Center in celebration of Shakespeare Santa Cruz's 30th anniversary,2011,http://id.loc.gov/vocabulary/iso639-2/eng,"Copyright for this work resides with the Regents of the University of California. The digital copy of this work is intended to support research, teaching, and private study. The publication or use of any work protected by copyright beyond that allowed by fair use for research or educational purposes requires written permission from the copyright owner. UCSC Special Collections and Archives can grant permission to publish materials to which it holds the copyright. For permission to reproduce or publish the material, or to order in image, please visit guides.library.ucsc.edu/speccoll/reproduction-publication.",Regents of the University of California,Public,Shakespeare Santa Cruz records,Production files,ua_0041_gra_0054,http://purl.org/dc/dcmitype/Image,UA 41,Shakespeare Santa Cruz,http://id.loc.gov/authorities/names/n79059545; Shakespeare Santa Cruz,info:lc/authorities/subjects/sh85039336,http://www.geonames.org/5393052,http://vocab.getty.edu/aat/300027221,"University of California, Santa Cruz. McHenry Library, Special Collections. 1156 High Street. Santa Cruz, CA, 95064. (831) 459-2547. speccoll@library.ucsc.edu",guides.library.ucsc.edu/speccoll,http://www.oac.cdlib.org/findaid/ark:/13030/kt938nd6h4/,ua_0041_gra_0054.tif,Photography Collections,,,,,,,,,,,
ua_0041_gra_0055.tif,Holiday 2011 poster,A Year with Frog and Toad,2011,http://id.loc.gov/vocabulary/iso639-2/eng,"Copyright for this work resides with the Regents of the University of California. The digital copy of this work is intended to support research, teaching, and private study. The publication or use of any work protected by copyright beyond that allowed by fair use for research or educational purposes requires written permission from the copyright owner. UCSC Special Collections and Archives can grant permission to publish materials to which it holds the copyright. For permission to reproduce or publish the material, or to order in image, please visit guides.library.ucsc.edu/speccoll/reproduction-publication.",Regents of the University of California,Public,Shakespeare Santa Cruz records,Production files,ua_0041_gra_0055,http://purl.org/dc/dcmitype/Image,UA 41,Shakespeare Santa Cruz,http://id.loc.gov/authorities/names/n79059545; Shakespeare Santa Cruz,info:lc/authorities/subjects/sh85039336,http://www.geonames.org/5393052,http://vocab.getty.edu/aat/300027221,"University of California, Santa Cruz. McHenry Library, Special Collections. 1156 High Street. Santa Cruz, CA, 95064. (831) 459-2547. speccoll@library.ucsc.edu",guides.library.ucsc.edu/speccoll,http://www.oac.cdlib.org/findaid/ark:/13030/kt938nd6h4/,ua_0041_gra_0055.tif,Photography Collections,,,,,,,,,,,
ua_0041_gra_0056.tif,Summer 2012 season poster,"Twelfth Night, The Man in the Iron Mask, Henry IV Part Two",2012,http://id.loc.gov/vocabulary/iso639-2/eng,"Copyright for this work resides with the Regents of the University of California. The digital copy of this work is intended to support research, teaching, and private study. The publication or use of any work protected by copyright beyond that allowed by fair use for research or educational purposes requires written permission from the copyright owner. UCSC Special Collections and Archives can grant permission to publish materials to which it holds the copyright. For permission to reproduce or publish the material, or to order in image, please visit guides.library.ucsc.edu/speccoll/reproduction-publication.",Regents of the University of California,Public,Shakespeare Santa Cruz records,Production files,ua_0041_gra_0056,http://purl.org/dc/dcmitype/Image,UA 41,Shakespeare Santa Cruz,http://id.loc.gov/authorities/names/n79059545; Shakespeare Santa Cruz,info:lc/authorities/subjects/sh85039336,http://www.geonames.org/5393052,http://vocab.getty.edu/aat/300027221,"University of California, Santa Cruz. McHenry Library, Special Collections. 1156 High Street. Santa Cruz, CA, 95064. (831) 459-2547. speccoll@library.ucsc.edu",guides.library.ucsc.edu/speccoll,http://www.oac.cdlib.org/findaid/ark:/13030/kt938nd6h4/,ua_0041_gra_0056.tif,Photography Collections,,,,,,,,,,,
ua_0041_gra_0057.tif,Holiday 2012 poster,Honk! The Ugly Duckling Musical,2012,http://id.loc.gov/vocabulary/iso639-2/eng,"Copyright for this work resides with the Regents of the University of California. The digital copy of this work is intended to support research, teaching, and private study. The publication or use of any work protected by copyright beyond that allowed by fair use for research or educational purposes requires written permission from the copyright owner. UCSC Special Collections and Archives can grant permission to publish materials to which it holds the copyright. For permission to reproduce or publish the material, or to order in image, please visit guides.library.ucsc.edu/speccoll/reproduction-publication.",Regents of the University of California,Public,Shakespeare Santa Cruz records,Production files,ua_0041_gra_0057,http://purl.org/dc/dcmitype/Image,UA 41,Shakespeare Santa Cruz,http://id.loc.gov/authorities/names/n79059545; Shakespeare Santa Cruz,info:lc/authorities/subjects/sh85039336,http://www.geonames.org/5393052,http://vocab.getty.edu/aat/300027221,"University of California, Santa Cruz. McHenry Library, Special Collections. 1156 High Street. Santa Cruz, CA, 95064. (831) 459-2547. speccoll@library.ucsc.edu",guides.library.ucsc.edu/speccoll,http://www.oac.cdlib.org/findaid/ark:/13030/kt938nd6h4/,ua_0041_gra_0057.tif,Photography Collections,,,,,,,,,,,
ua_0041_gra_0058.tif,Summer 2013 season poster,"The Taming of the Shrew, Henry V, Tom Jones (autographed copies)",2013,http://id.loc.gov/vocabulary/iso639-2/eng,"Copyright for this work resides with the Regents of the University of California. The digital copy of this work is intended to support research, teaching, and private study. The publication or use of any work protected by copyright beyond that allowed by fair use for research or educational purposes requires written permission from the copyright owner. UCSC Special Collections and Archives can grant permission to publish materials to which it holds the copyright. For permission to reproduce or publish the material, or to order in image, please visit guides.library.ucsc.edu/speccoll/reproduction-publication.",Regents of the University of California,Public,Shakespeare Santa Cruz records,Production files,ua_0041_gra_0058,http://purl.org/dc/dcmitype/Image,UA 41,Shakespeare Santa Cruz,http://id.loc.gov/authorities/names/n79059545; Shakespeare Santa Cruz,info:lc/authorities/subjects/sh85039336,http://www.geonames.org/5393052,http://vocab.getty.edu/aat/300027221,"University of California, Santa Cruz. McHenry Library, Special Collections. 1156 High Street. Santa Cruz, CA, 95064. (831) 459-2547. speccoll@library.ucsc.edu",guides.library.ucsc.edu/speccoll,http://www.oac.cdlib.org/findaid/ark:/13030/kt938nd6h4/,ua_0041_gra_0058.tif,Photography Collections,,,,,,,,,,,
ua_0041_gra_0059.tif,Holiday 2013 poster,It's A Wonderful Life: A Live Radio Play,2013,http://id.loc.gov/vocabulary/iso639-2/eng,"Copyright for this work resides with the Regents of the University of California. The digital copy of this work is intended to support research, teaching, and private study. The publication or use of any work protected by copyright beyond that allowed by fair use for research or educational purposes requires written permission from the copyright owner. UCSC Special Collections and Archives can grant permission to publish materials to which it holds the copyright. For permission to reproduce or publish the material, or to order in image, please visit guides.library.ucsc.edu/speccoll/reproduction-publication.",Regents of the University of California,Public,Shakespeare Santa Cruz records,Production files,ua_0041_gra_0059,http://purl.org/dc/dcmitype/Image,UA 41,Shakespeare Santa Cruz,http://id.loc.gov/authorities/names/n79059545; Shakespeare Santa Cruz,info:lc/authorities/subjects/sh85039336,http://www.geonames.org/5393052,http://vocab.getty.edu/aat/300027221,"University of California, Santa Cruz. McHenry Library, Special Collections. 1156 High Street. Santa Cruz, CA, 95064. (831) 459-2547. speccoll@library.ucsc.edu",guides.library.ucsc.edu/speccoll,http://www.oac.cdlib.org/findaid/ark:/13030/kt938nd6h4/,ua_0041_gra_0059.tif,Photography Collections,,,,,,,,,,,
ua_0041_gra_0060.tif,Commemorative Shakespeare Santa Cruz poster,Includes images of posters from former seasons of Shakespeare Santa Cruz,approximately 2007,http://id.loc.gov/vocabulary/iso639-2/eng,"Copyright for this work resides with the Regents of the University of California. The digital copy of this work is intended to support research, teaching, and private study. The publication or use of any work protected by copyright beyond that allowed by fair use for research or educational purposes requires written permission from the copyright owner. UCSC Special Collections and Archives can grant permission to publish materials to which it holds the copyright. For permission to reproduce or publish the material, or to order in image, please visit guides.library.ucsc.edu/speccoll/reproduction-publication.",Regents of the University of California,Public,Shakespeare Santa Cruz records,Production files,ua_0041_gra_0060,http://purl.org/dc/dcmitype/Image,UA 41,Shakespeare Santa Cruz,http://id.loc.gov/authorities/names/n79059545; Shakespeare Santa Cruz,info:lc/authorities/subjects/sh85039336,http://www.geonames.org/5393052,http://vocab.getty.edu/aat/300027221,"University of California, Santa Cruz. McHenry Library, Special Collections. 1156 High Street. Santa Cruz, CA, 95064. (831) 459-2547. speccoll@library.ucsc.edu",guides.library.ucsc.edu/speccoll,http://www.oac.cdlib.org/findaid/ark:/13030/kt938nd6h4/,ua_0041_gra_0060.tif,Photography Collections,,,,,,,,,,,
,,,,,,,,,,,,,,,,,,,,,,,,,,,,,,,,,
,,,,,,,,,,,,,,,,,,,,,,,,,,,,,,,,,
,,,,,,,,,,,,,,,,,,,,,,,,,,,,,,,,,
,,,,,,,,,,,,,,,,,,,,,,,,,,,,,,,,,
,,,,,,,,,,,,,,,,,,,,,,,,,,,,,,,,,
,,,,,,,,,,,,,,,,,,,,,,,,,,,,,,,,,